id;data;nif_emitente;emitente;tipo;numero;estado;cae;total_eur;iva_eur;taxas_iva;ambito_atual;ambito_esperado
9000001;2025-01-18;502011475;Modelo Continente Hipermercados;FS;FS A2025/107;A;47111;74.21;7.56;6|13|23;C99;C99
9000002;2025-02-03;500829993;Pingo Doce;FS;FS A2025/114;A;47111;36.42;3.52;6|23;C99;C99
9000003;2025-03-11;514038942;Mercadona;FS;FS A2025/121;A;47111;48.84;4.79;6|23;C99;C99
9000004;2025-03-01;502604751;NOS Comunicações;FT;FT A2025/128;A;61100;44.99;8.41;23;C99;C99
9000005;2025-02-14;552601810;Farmácia Alegria (exemplo);FS;FS A2025/135;P;47730;31.79;3.40;6|23;;C05
9000006;2025-06-22;552601810;Farmácia Alegria (exemplo);FS;FS A2025/142;P;47730;30.13;5.63;23;;C99
9000007;2025-04-09;559083017;Clínica Dentária Sorriso (exemplo);FR;FR A2025/149;P;86230|47782;85.00;0.00;0;;C05
9000008;2025-05-06;566131862;Pastelaria Bica & Nata (exemplo);FS;FS A2025/156;P;10711|56107;4.98;0.68;13|23;;C03
9000009;2025-05-07;566131862;Pastelaria Bica & Nata (exemplo);FS;FS A2025/163;P;10711|56107;2.54;0.14;6;;C99
9000010;2025-05-17;509139094;Restaurante O Tasco (exemplo);FS;FS A2025/170;A;56101;31.73;4.23;13|23;C03;C03
9000011;2025-01-05;596030827;FitLisboa Ginásio (exemplo);FT;FT A2025/177;P;93130|47640;40.00;7.48;23;;C11
9000012;2025-01-19;596030827;FitLisboa Ginásio (exemplo);FS;FS A2025/184;P;93130|47640;3.49;0.65;23;;C99
9000013;2025-03-22;546281940;Barbearia Alfama (exemplo);FS;FS A2025/191;P;96021|47750;15.01;2.81;23;;C04
9000014;2025-07-02;582199352;Clínica Veterinária Patas (exemplo);FT;FT A2025/198;P;75000|47760;50.00;9.35;23;;C09
9000015;2025-02-01;518190935;Transportes Urbanos (exemplo);FR;FR A2025/205;A;49310;40.00;2.26;6;C10;C10
9000016;2025-09-30;578657970;Creche Pequenos Passos IPSS (exemplo);FT;FT A2025/212;P;88910|85100;210.00;0.00;0;;C06
9000017;2025-04-01;554323192;Diário de Lisboa Digital (exemplo);FR;FR A2025/219;A;58130;7.99;0.45;6;C12;C12
9000018;2025-10-31;548757496;Lar Sénior Tejo (exemplo);FT;FT A2025/226;P;87301;950.00;0.00;0;;C08
